{"stats":{"minecraft:custom":{"minecraft:interact_with_crafting_table":52,"minecraft:bell_ring":1,"minecraft:leave_game":9,"minecraft:time_since_death":425,"minecraft:sprint_one_cm":573418,"minecraft:damage_blocked_by_shield":3075,"minecraft:drop":279,"minecraft:play_time":449059,"minecraft:deaths":38,"minecraft:jump":6423,"minecraft:walk_on_water_one_cm":33702,"minecraft:enchant_item":6,"minecraft:interact_with_furnace":45,"minecraft:sleep_in_bed":21,"minecraft:damage_dealt":32095,"minecraft:player_kills":1,"minecraft:crouch_one_cm":59267,"minecraft:horse_one_cm":504,"minecraft:mob_kills":160,"minecraft:walk_one_cm":507739,"minecraft:sneak_time":23511,"minecraft:walk_under_water_one_cm":32670,"minecraft:boat_one_cm":6648,"minecraft:total_world_time":449059,"minecraft:interact_with_grindstone":4,"minecraft:time_since_rest":13576,"minecraft:damage_taken":14170,"minecraft:damage_absorbed":41,"minecraft:swim_one_cm":32571,"minecraft:fly_one_cm":1695286,"minecraft:open_chest":33,"minecraft:fall_one_cm":168377},"minecraft:killed_by":{"minecraft:pillager":2,"minecraft:vindicator":9,"minecraft:zombie":3,"minecraft:vex":1,"minecraft:player":3,"mca:male_villager":2,"minecraft:spider":1,"minecraft:iron_golem":1,"minecraft:skeleton":10,"bloomingnature:termite":1,"minecraft:phantom":1},"minecraft:broken":{"minecraft:stone_axe":1,"minecraft:iron_sword":1,"minecraft:shield":1,"minecraft:iron_axe":2},"minecraft:used":{"bloomingnature:palm_planks":14,"minecraft:iron_shovel":119,"minecraft:chest":2,"minecraft:shield":35,"minecraft:iron_sword":585,"minecraft:rotten_flesh":5,"minecraft:iron_chestplate":1,"minecraft:mutton":1,"minecraft:carrot":5,"minecraft:milk_bucket":1,"minecraft:obsidian":2,"minecraft:lava_bucket":14,"minecraft:birch_sapling":26,"minecraft:furnace":7,"minecraft:egg":1,"minecraft:stone_pickaxe":152,"minecraft:oak_planks":1,"minecraft:wooden_pickaxe":3,"minecraft:golden_apple":2,"minecraft:glow_berries":4,"minecraft:dripstone_block":3,"minecraft:shears":87,"minecraft:cyan_bed":1,"minecraft:bread":31,"minecraft:string":2,"minecraft:grindstone":2,"minecraft:birch_log":19,"minecraft:experience_bottle":1,"minecraft:enchanting_table":2,"minecraft:stone_sword":118,"minecraft:stone_shovel":61,"minecraft:netherrack":1,"minecraft:torch":57,"minecraft:dirt":135,"minecraft:iron_hoe":142,"minecraft:wooden_axe":23,"minecraft:bookshelf":16,"minecraft:iron_axe":365,"minecraft:beef":3,"minecraft:cooked_beef":5,"minecraft:cobbled_deepslate":24,"naturalist:lizard_tail":1,"minecraft:cooked_mutton":5,"minecraft:water_bucket":68,"minecraft:birch_planks":56,"bloomingnature:palm_boat":1,"minecraft:crafting_table":22,"minecraft:white_bed":1,"minecraft:oak_log":4,"minecraft:diamond_pickaxe":90,"minecraft:apple":5,"minecraft:chicken":1,"minecraft:iron_pickaxe":66,"minecraft:stone_axe":155,"naturalist:glow_goop":6,"minecraft:pink_petals":3,"minecraft:cobblestone":63,"minecraft:cooked_porkchop":5,"minecraft:porkchop":3,"minecraft:bucket":83,"minecraft:yellow_bed":13,"minecraft:stripped_oak_log":3,"minecraft:dandelion":1},"minecraft:crafted":{"usefulbackpacks:backpack_small":2,"minecraft:bookshelf":16,"minecraft:cooked_mutton":5,"minecraft:chest":2,"minecraft:birch_button":1,"minecraft:cooked_porkchop":6,"minecraft:crafting_table":9,"minecraft:wooden_pickaxe":1,"minecraft:iron_helmet":1,"minecraft:birch_planks":104,"minecraft:iron_chestplate":2,"minecraft:diamond_pickaxe":1,"minecraft:shield":1,"minecraft:stick":80,"usefulbackpacks:backpack_large":1,"minecraft:iron_ingot":20,"minecraft:iron_pickaxe":1,"minecraft:stone_sword":1,"minecraft:shears":1,"minecraft:cherry_planks":955,"bloomingnature:chestnut_planks":4,"minecraft:stone_shovel":1,"minecraft:furnace":3,"minecraft:iron_axe":3,"minecraft:iron_hoe":2,"minecraft:stone_pickaxe":2,"usefulbackpacks:backpack_medium":2,"minecraft:wheat":216,"minecraft:cooked_beef":9,"bloomingnature:palm_planks":48,"minecraft:enchanting_table":1,"minecraft:iron_sword":3,"minecraft:stone_axe":2,"minecraft:bread":72,"minecraft:air":0,"bloomingnature:palm_boat":1,"minecraft:wooden_axe":1,"minecraft:iron_shovel":1,"minecraft:torch":164},"minecraft:picked_up":{"minecraft:flower_pot":1,"minecraft:yellow_wool":1,"minecraft:oak_stairs":1,"minecraft:brewing_stand":1,"minecraft:string":68,"minecraft:raw_copper":3,"fwaystones:desert_waystone":2,"universal_graves:grave_compass":3,"minecraft:cobbled_deepslate":36,"bloomingnature:palm_sapling":1,"minecraft:furnace":7,"minecraft:golden_helmet":1,"minecraft:stick":122,"minecraft:jungle_door":1,"minecraft:torch":38,"minecraft:porkchop":13,"minecraft:cherry_log":242,"minecraft:pointed_dripstone":11,"minecraft:diorite":3,"bloomingnature:chestnut_log":42,"minecraft:cactus":1,"minecraft:rotten_flesh":31,"minecraft:obsidian":5,"minecraft:cobblestone":106,"minecraft:enchanting_table":1,"minecraft:birch_log":78,"minecraft:pink_petals":20,"minecraft:feather":3,"minecraft:cherry_planks":1185,"bloomingnature:palm_planks":30,"minecraft:andesite":8,"minecraft:orange_carpet":1,"minecraft:brown_wool":74,"minecraft:golden_leggings":1,"minecraft:potato":1,"minecraft:flint":3,"minecraft:tuff":3,"naturalist:lizard_tail":1,"minecraft:lapis_lazuli":145,"minecraft:dirt":233,"minecraft:bone":19,"minecraft:acacia_planks":6,"minecraft:bow":1,"minecraft:wheat_seeds":68,"minecraft:grindstone":3,"minecraft:oak_planks":1,"minecraft:cyan_bed":2,"minecraft:acacia_stairs":1,"minecraft:iron_hoe":1,"minecraft:diamond":11,"minecraft:granite":4,"minecraft:golden_apple":1,"minecraft:emerald":10,"minecraft:bread":23,"minecraft:rooted_dirt":7,"minecraft:netherrack":2,"minecraft:crafting_table":13,"minecraft:chicken":2,"minecraft:gold_block":2,"minecraft:iron_axe":3,"minecraft:iron_shovel":1,"usefulbackpacks:backpack_small":4,"minecraft:beef":11,"minecraft:poppy":6,"minecraft:lectern":1,"minecraft:sugar_cane":48,"minecraft:birch_sapling":26,"minecraft:egg":1,"minecraft:raw_iron":64,"naturalist:duck":2,"fwaystones:waystone":2,"minecraft:carrot":7,"minecraft:blue_carpet":8,"minecraft:arrow":13,"minecraft:hay_block":38,"minecraft:totem_of_undying":5,"minecraft:saddle":2,"minecraft:mutton":6,"minecraft:white_wool":28,"minecraft:oxeye_daisy":1,"minecraft:leather":22,"minecraft:birch_planks":99,"minecraft:golden_boots":1,"minecraft:yellow_bed":16,"minecraft:gunpowder":3,"minecraft:white_banner":2,"naturalist:glow_goop":6,"minecraft:smooth_sandstone":2,"minecraft:iron_ingot":27,"minecraft:stone_pickaxe":2,"bloomingnature:chestnut_sapling":43,"bloomingnature:joe_pye":1,"minecraft:iron_sword":2,"minecraft:book":72,"minecraft:dandelion":1,"minecraft:dripstone_block":5,"minecraft:gravel":1,"minecraft:white_bed":2,"minecraft:spider_eye":2,"usefulbackpacks:backpack_large":1,"minecraft:slime_ball":1,"bloomingnature:palm_log":12,"minecraft:light_blue_carpet":4,"minecraft:cherry_sapling":218,"bloomingnature:daphne":2,"minecraft:black_wool":2,"minecraft:coal":60},"minecraft:dropped":{"minecraft:iron_sword":2,"minecraft:birch_planks":83,"minecraft:lapis_lazuli":84,"minecraft:cooked_beef":4,"minecraft:diamond":6,"minecraft:cooked_porkchop":1,"minecraft:rooted_dirt":2,"minecraft:emerald":1,"minecraft:dirt":21,"minecraft:orange_carpet":1,"bloomingnature:chestnut_sapling":43,"usefulbackpacks:backpack_small":4,"minecraft:white_wool":8,"minecraft:gravel":1,"usefulbackpacks:backpack_large":1,"minecraft:stone_axe":1,"minecraft:yellow_wool":1,"minecraft:rotten_flesh":3,"universal_graves:grave_compass":8,"minecraft:white_bed":1,"minecraft:poppy":2,"bloomingnature:daphne":1,"minecraft:birch_button":1,"minecraft:arrow":2,"minecraft:beef":5,"minecraft:netherrack":1,"minecraft:enchanted_book":1,"minecraft:golden_boots":1,"minecraft:bread":39,"usefulbackpacks:backpack_medium":1,"minecraft:wheat_seeds":15,"minecraft:golden_helmet":1,"minecraft:cherry_log":3,"minecraft:feather":1,"minecraft:iron_helmet":1,"minecraft:cobblestone":5,"minecraft:stick":1,"mca:book_romance":1,"minecraft:torch":129,"minecraft:wooden_axe":1,"minecraft:brown_wool":4,"bloomingnature:chestnut_log":21,"minecraft:cherry_planks":192,"minecraft:potion":1,"minecraft:white_banner":1,"minecraft:iron_axe":3,"minecraft:iron_shovel":2,"minecraft:string":4,"minecraft:pink_petals":4,"minecraft:blue_carpet":8,"minecraft:acacia_planks":6,"minecraft:furnace":2,"minecraft:stone_sword":1,"minecraft:raw_iron":22,"minecraft:stone_shovel":1,"minecraft:chicken":1,"minecraft:iron_hoe":1,"minecraft:stripped_oak_log":1,"minecraft:totem_of_undying":2,"minecraft:iron_chestplate":1,"minecraft:yellow_bed":3,"minecraft:light_blue_carpet":4,"minecraft:golden_leggings":1,"minecraft:oak_sapling":3,"bloomingnature:joe_pye":1,"minecraft:stone_pickaxe":3,"minecraft:wooden_pickaxe":1,"minecraft:cyan_bed":1},"minecraft:mined":{"minecraft:blue_carpet":2,"minecraft:white_bed":1,"naturalist:glow_goop":1,"minecraft:sculk_vein":14,"minecraft:cherry_log":239,"minecraft:potted_cactus":1,"minecraft:brewing_stand":1,"minecraft:obsidian":6,"minecraft:granite":2,"minecraft:grass_block":90,"minecraft:brown_wool":79,"minecraft:chiseled_stone_bricks":1,"minecraft:spawner":1,"minecraft:iron_ore":43,"minecraft:fire":8,"minecraft:deepslate_lapis_ore":6,"minecraft:azure_bluet":1,"minecraft:enchanting_table":1,"minecraft:oak_stairs":1,"minecraft:jungle_door":1,"bloomingnature:chestnut_log":27,"minecraft:powder_snow":15,"minecraft:torch":3,"minecraft:dead_bush":1,"minecraft:cobblestone":11,"minecraft:grindstone":3,"minecraft:cyan_bed":2,"minecraft:sugar_cane":19,"minecraft:oak_planks":1,"minecraft:wall_torch":1,"mca:cross_headstone":1,"minecraft:pink_petals":3,"minecraft:birch_log":80,"minecraft:grass":145,"minecraft:sand":1,"minecraft:dirt":75,"minecraft:netherrack":2,"minecraft:deepslate":62,"bloomingnature:floating_leaves":3,"minecraft:diamond_ore":1,"minecraft:tuff":3,"bloomingnature:termite_mound":14,"minecraft:deepslate_diamond_ore":4,"minecraft:rooted_dirt":5,"bloomingnature:palm_log":18,"minecraft:large_fern":18,"minecraft:hay_block":40,"minecraft:furnace":8,"minecraft:carrots":2,"bloomingnature:palm_planks":7,"minecraft:acacia_stairs":1,"minecraft:andesite":3,"minecraft:gold_block":2,"minecraft:bookshelf":26,"minecraft:deepslate_iron_ore":7,"minecraft:stone":82,"minecraft:white_wool":18,"minecraft:acacia_leaves":1,"minecraft:glass_pane":2,"minecraft:stone_brick_slab":1,"minecraft:smooth_sandstone":2,"minecraft:crafting_table":13,"minecraft:lectern":1,"minecraft:tall_grass":205,"minecraft:lapis_ore":4,"minecraft:sculk":84,"minecraft:diorite":3,"minecraft:orange_carpet":1,"minecraft:birch_planks":16,"minecraft:birch_leaves":5,"minecraft:yellow_bed":13,"minecraft:black_wool":2,"minecraft:coal_ore":28,"minecraft:fern":1},"minecraft:killed":{"minecraft:witch":1,"minecraft:spider":7,"naturalist:boar":2,"naturalist:snail":1,"minecraft:skeleton":18,"minecraft:bee":2,"minecraft:chicken":1,"bloomingnature:squirrel":1,"bloomingnature:boar":4,"minecraft:camel":1,"minecraft:pig":2,"bloomingnature:termite":2,"naturalist:firefly":6,"minecraft:iron_golem":5,"minecraft:creeper":1,"naturalist:rhino":1,"minecraft:sheep":4,"minecraft:pillager":10,"minecraft:zombie":28,"mca:male_villager":5,"minecraft:cow":9,"minecraft:evoker":5,"bloomingnature:deer":2,"minecraft:vindicator":18,"naturalist:tortoise":3,"naturalist:duck":2,"minecraft:horse":2,"minecraft:drowned":3,"naturalist:giraffe":3,"naturalist:lizard_tail":1,"naturalist:lizard":2,"mca:female_villager":1,"naturalist:sparrow":3}},"DataVersion":3465}