{"stats":{"minecraft:mined":{"minecraft:blue_carpet":2,"minecraft:white_bed":1,"naturalist:glow_goop":1,"minecraft:cherry_log":802,"minecraft:sculk_vein":14,"minecraft:potted_cactus":1,"minecraft:brewing_stand":1,"minecraft:obsidian":6,"minecraft:cherry_trapdoor":12,"minecraft:granite":2,"minecraft:grass_block":406,"minecraft:brown_wool":79,"bloomingnature:genisteae":4,"minecraft:composter":2,"minecraft:chiseled_stone_bricks":1,"minecraft:spawner":1,"minecraft:iron_ore":76,"minecraft:fire":8,"minecraft:cobbled_deepslate":24,"minecraft:deepslate_lapis_ore":9,"minecraft:azure_bluet":1,"minecraft:enchanting_table":1,"minecraft:oak_stairs":1,"minecraft:deepslate_brick_stairs":3,"bloomingnature:chestnut_log":27,"minecraft:jungle_door":1,"minecraft:red_bed":2,"minecraft:powder_snow":15,"minecraft:torch":7,"minecraft:chest":3,"minecraft:dead_bush":1,"minecraft:cobblestone":11,"minecraft:cyan_bed":2,"minecraft:grindstone":3,"minecraft:oak_planks":1,"minecraft:sugar_cane":19,"minecraft:wall_torch":5,"minecraft:cherry_slab":33,"mca:cross_headstone":1,"minecraft:pink_petals":25,"minecraft:cherry_fence":22,"minecraft:birch_log":80,"minecraft:cherry_door":9,"minecraft:grass":228,"minecraft:sand":1,"minecraft:dirt":499,"minecraft:netherrack":2,"minecraft:deepslate":674,"bloomingnature:floating_leaves":3,"minecraft:diamond_ore":1,"minecraft:tuff":4,"bloomingnature:termite_mound":14,"minecraft:deepslate_diamond_ore":9,"minecraft:stripped_cherry_log":3,"bloomingnature:travertin":10,"minecraft:cherry_wood":7,"minecraft:rooted_dirt":33,"bloomingnature:palm_log":18,"minecraft:large_fern":18,"minecraft:hay_block":40,"minecraft:deepslate_brick_slab":54,"minecraft:furnace":9,"minecraft:carrots":2,"bloomingnature:palm_planks":7,"minecraft:acacia_stairs":1,"minecraft:andesite":24,"minecraft:gold_block":2,"minecraft:bookshelf":26,"minecraft:deepslate_iron_ore":39,"minecraft:stone":331,"bloomingnature:bluebell":2,"minecraft:cherry_stairs":19,"minecraft:white_wool":22,"minecraft:acacia_leaves":1,"minecraft:glass_pane":2,"minecraft:cherry_planks":7,"minecraft:brown_carpet":2,"minecraft:stone_brick_slab":1,"minecraft:smooth_sandstone":2,"minecraft:crafting_table":13,"minecraft:emerald_ore":2,"minecraft:lectern":1,"bloomingnature:foxglove_white":5,"minecraft:copper_ore":3,"minecraft:tall_grass":224,"minecraft:lapis_ore":6,"minecraft:deepslate_gold_ore":9,"bloomingnature:daphne":2,"minecraft:sculk":84,"minecraft:diorite":10,"minecraft:orange_carpet":1,"usefulbackpacks:filter_configurator":1,"minecraft:birch_planks":16,"minecraft:spruce_log":6,"minecraft:birch_leaves":5,"minecraft:yellow_bed":13,"minecraft:black_wool":2,"minecraft:coal_ore":198,"minecraft:gravel":10,"minecraft:cherry_leaves":4,"bloomingnature:joe_pye":4,"minecraft:gold_ore":4,"minecraft:deepslate_emerald_ore":1,"minecraft:fern":1},"minecraft:crafted":{"minecraft:smooth_stone":3,"minecraft:cherry_wood":60,"minecraft:cherry_pressure_plate":52,"minecraft:cherry_slab":192,"usefulbackpacks:backpack_small":2,"minecraft:stone":6,"minecraft:diamond_shovel":1,"minecraft:bookshelf":16,"minecraft:cooked_mutton":5,"minecraft:iron_bars":16,"minecraft:deepslate_brick_stairs":40,"minecraft:iron_boots":2,"minecraft:chest":25,"minecraft:birch_button":1,"minecraft:cherry_fence":84,"minecraft:cooked_porkchop":6,"minecraft:diamond_axe":1,"minecraft:crafting_table":9,"minecraft:wooden_pickaxe":1,"travelersbackpack:standard":1,"minecraft:iron_helmet":3,"minecraft:birch_planks":104,"minecraft:iron_chestplate":4,"minecraft:diamond_pickaxe":1,"minecraft:shield":1,"minecraft:stone_slab":6,"minecraft:stick":464,"usefulbackpacks:backpack_large":1,"minecraft:iron_ingot":111,"minecraft:iron_pickaxe":1,"minecraft:stone_sword":1,"minecraft:deepslate_bricks":308,"minecraft:shears":1,"minecraft:cherry_planks":1211,"bloomingnature:chestnut_planks":4,"minecraft:stone_shovel":1,"minecraft:smooth_stone_slab":6,"minecraft:furnace":3,"minecraft:bone_meal":6,"minecraft:cherry_trapdoor":20,"minecraft:deepslate_brick_wall":6,"minecraft:polished_deepslate":308,"minecraft:iron_axe":6,"minecraft:iron_hoe":2,"minecraft:cherry_stairs":124,"minecraft:stone_pickaxe":2,"minecraft:filled_map":1,"usefulbackpacks:backpack_medium":2,"minecraft:wheat":216,"minecraft:cooked_beef":9,"minecraft:coal_block":32,"minecraft:diamond_sword":1,"bloomingnature:palm_planks":48,"minecraft:enchanting_table":1,"minecraft:deepslate_brick_slab":308,"minecraft:iron_sword":3,"minecraft:stone_axe":2,"minecraft:bread":72,"minecraft:air":0,"bloomingnature:palm_boat":1,"minecraft:wooden_axe":1,"minecraft:iron_shovel":1,"minecraft:cherry_door":18,"minecraft:iron_leggings":3,"minecraft:armor_stand":1,"minecraft:torch":216,"minecraft:lapis_lazuli":180},"minecraft:dropped":{"minecraft:bamboo_trapdoor":4,"minecraft:iron_sword":3,"minecraft:birch_planks":83,"minecraft:lapis_lazuli":84,"minecraft:cooked_beef":4,"minecraft:baked_potato":19,"minecraft:loom":1,"minecraft:diamond":6,"minecraft:crafting_table":1,"minecraft:cooked_porkchop":1,"minecraft:decorated_pot":8,"travelersbackpack:horse":2,"minecraft:rooted_dirt":15,"minecraft:cherry_hanging_sign":10,"minecraft:birch_slab":9,"minecraft:emerald":65,"minecraft:dirt":21,"minecraft:redstone_lamp":12,"minecraft:birch_fence":8,"minecraft:orange_carpet":1,"minecraft:cherry_trapdoor":94,"bloomingnature:chestnut_sapling":43,"usefulbackpacks:backpack_small":4,"minecraft:chain":3,"minecraft:bone_meal":12,"bloomingnature:travertin":33,"minecraft:white_wool":8,"minecraft:cauldron":1,"minecraft:gravel":1,"usefulbackpacks:backpack_large":1,"minecraft:stone_axe":1,"minecraft:compass":1,"minecraft:lever":4,"minecraft:cherry_stairs":155,"minecraft:cobbled_deepslate":54,"minecraft:yellow_wool":1,"minecraft:cherry_sapling":234,"minecraft:deepslate_brick_slab":384,"minecraft:rotten_flesh":4,"universal_graves:grave_compass":9,"minecraft:pink_carpet":1,"minecraft:beehive":4,"minecraft:white_bed":1,"minecraft:carrot":85,"minecraft:poppy":2,"minecraft:gunpowder":2,"bloomingnature:daphne":1,"minecraft:azalea_leaves":31,"minecraft:ochre_froglight":11,"minecraft:hopper":1,"minecraft:birch_button":1,"minecraft:arrow":2,"minecraft:beef":5,"minecraft:scaffolding":2,"minecraft:enchanting_table":1,"minecraft:netherrack":1,"minecraft:lectern":1,"minecraft:golden_boots":1,"minecraft:enchanted_book":1,"minecraft:torchflower":1,"minecraft:bread":39,"usefulbackpacks:backpack_medium":1,"minecraft:wheat_seeds":26,"bloomingnature:foxglove_white":1,"minecraft:golden_helmet":2,"minecraft:cherry_log":382,"minecraft:lilac":4,"minecraft:deepslate_brick_wall":6,"minecraft:iron_helmet":3,"minecraft:feather":2,"minecraft:cobblestone":5,"minecraft:chiseled_bookshelf":1,"minecraft:grass_block":2,"minecraft:cherry_fence_gate":6,"minecraft:stick":258,"minecraft:cherry_sign":4,"minecraft:deepslate_brick_stairs":40,"mca:book_romance":1,"minecraft:milk_bucket":1,"minecraft:diorite":2,"minecraft:torch":129,"minecraft:wooden_axe":1,"minecraft:brown_wool":4,"bloomingnature:chestnut_log":21,"minecraft:cherry_planks":457,"minecraft:potion":1,"minecraft:dead_bush":3,"minecraft:iron_leggings":3,"minecraft:white_banner":1,"minecraft:stonecutter":1,"minecraft:iron_axe":5,"minecraft:iron_shovel":4,"minecraft:string":5,"minecraft:pink_petals":85,"minecraft:blue_carpet":8,"minecraft:lily_pad":8,"minecraft:acacia_planks":6,"minecraft:cherry_wood":46,"minecraft:furnace":2,"minecraft:anvil":2,"minecraft:stone_sword":1,"minecraft:raw_iron":88,"minecraft:stone_shovel":1,"minecraft:chicken":2,"minecraft:iron_boots":4,"minecraft:pink_candle":11,"minecraft:iron_hoe":1,"minecraft:smoker":2,"minecraft:stripped_oak_log":1,"minecraft:cherry_slab":386,"minecraft:glow_lichen":1,"minecraft:totem_of_undying":2,"minecraft:deepslate_bricks":1,"minecraft:diamond_sword":1,"minecraft:potato":256,"minecraft:flower_pot":13,"minecraft:peony":6,"minecraft:iron_chestplate":9,"minecraft:light_blue_carpet":4,"minecraft:cake":1,"minecraft:yellow_bed":3,"minecraft:golden_leggings":1,"minecraft:oak_sapling":3,"minecraft:barrel":6,"minecraft:spider_eye":2,"minecraft:brown_carpet":4,"minecraft:spruce_log":128,"minecraft:bow":1,"bloomingnature:joe_pye":2,"minecraft:stone_pickaxe":3,"minecraft:wooden_pickaxe":1,"minecraft:cyan_bed":1},"minecraft:killed":{"minecraft:witch":1,"minecraft:spider":20,"naturalist:boar":2,"naturalist:snail":1,"minecraft:skeleton":44,"minecraft:bee":2,"minecraft:chicken":1,"bloomingnature:squirrel":1,"bloomingnature:boar":4,"minecraft:camel":1,"minecraft:pig":3,"bloomingnature:termite":2,"naturalist:firefly":9,"minecraft:iron_golem":5,"minecraft:creeper":15,"naturalist:rhino":1,"minecraft:sheep":4,"minecraft:trader_llama":2,"minecraft:pillager":10,"minecraft:zombie":98,"mca:male_villager":7,"minecraft:cow":9,"minecraft:evoker":5,"bloomingnature:deer":3,"minecraft:vindicator":18,"naturalist:tortoise":3,"naturalist:duck":2,"minecraft:horse":2,"minecraft:drowned":3,"naturalist:giraffe":3,"naturalist:lizard_tail":1,"minecraft:wandering_trader":1,"naturalist:canary":2,"naturalist:lizard":2,"mca:female_villager":1,"naturalist:sparrow":4,"minecraft:player":1,"minecraft:villager":4,"minecraft:enderman":3},"minecraft:used":{"bloomingnature:palm_planks":14,"travelersbackpack:horse":1,"minecraft:iron_shovel":119,"bloomingnature:foxglove_white":5,"minecraft:shield":35,"minecraft:chest":12,"minecraft:iron_sword":893,"minecraft:rotten_flesh":5,"minecraft:iron_chestplate":3,"minecraft:mutton":1,"minecraft:carrot":25,"minecraft:deepslate_brick_slab":302,"minecraft:obsidian":2,"minecraft:milk_bucket":1,"minecraft:lava_bucket":14,"minecraft:villager_spawn_egg":4,"minecraft:grass_block":1,"minecraft:birch_sapling":26,"minecraft:iron_helmet":1,"bloomingnature:daphne":2,"minecraft:redstone_lamp":19,"minecraft:brown_carpet":5,"minecraft:furnace":9,"naturalist:teddy_bear":2,"minecraft:egg":1,"minecraft:potato":29,"minecraft:diorite":5,"minecraft:stone_pickaxe":152,"minecraft:oak_planks":1,"minecraft:ender_pearl":1,"minecraft:wooden_pickaxe":3,"usefulbackpacks:filter_configurator":2,"minecraft:diamond_axe":304,"minecraft:composter":3,"minecraft:white_wool":28,"minecraft:glow_berries":4,"minecraft:golden_apple":2,"minecraft:golden_hoe":37,"minecraft:blast_furnace":8,"minecraft:dripstone_block":3,"minecraft:shears":87,"minecraft:deepslate_brick_stairs":36,"minecraft:lever":6,"minecraft:bread":63,"minecraft:cyan_bed":1,"minecraft:string":2,"onlyhammers:netherite_hammer":6,"minecraft:diamond_sword":165,"minecraft:andesite":6,"minecraft:grindstone":7,"minecraft:smithing_table":1,"minecraft:birch_log":19,"minecraft:stripped_cherry_log":3,"minecraft:experience_bottle":1,"bloomingnature:genisteae":4,"minecraft:stone_sword":118,"minecraft:cherry_wood":36,"minecraft:enchanting_table":2,"minecraft:armor_stand":1,"minecraft:stone_shovel":61,"minecraft:netherrack":1,"minecraft:torch":118,"minecraft:dirt":718,"minecraft:anvil":2,"minecraft:glow_lichen":3,"minecraft:iron_hoe":142,"minecraft:wooden_axe":23,"minecraft:bookshelf":28,"travelersbackpack:gold":1,"minecraft:iron_axe":867,"minecraft:rooted_dirt":13,"minecraft:cherry_slab":275,"minecraft:cherry_trapdoor":103,"minecraft:iron_boots":2,"bloomingnature:joe_pye":4,"minecraft:beef":3,"minecraft:cherry_fence":70,"minecraft:cherry_log":76,"minecraft:cooked_beef":5,"minecraft:cobbled_deepslate":75,"minecraft:iron_leggings":1,"naturalist:lizard_tail":1,"minecraft:cooked_mutton":5,"mca:male_villager_spawn_egg":2,"minecraft:water_bucket":168,"minecraft:birch_planks":56,"minecraft:baked_potato":46,"minecraft:cherry_planks":21,"bloomingnature:palm_boat":1,"minecraft:crafting_table":23,"minecraft:red_bed":2,"minecraft:white_bed":1,"minecraft:spruce_log":54,"minecraft:smoker":2,"minecraft:oak_log":4,"bloomingnature:bluebell":2,"minecraft:diamond_pickaxe":699,"minecraft:apple":5,"minecraft:diamond_shovel":750,"minecraft:cherry_door":27,"minecraft:chicken":1,"minecraft:iron_pickaxe":713,"naturalist:glow_goop":8,"minecraft:stone_axe":155,"minecraft:pink_petals":20,"minecraft:cherry_stairs":90,"minecraft:cobblestone":86,"minecraft:azalea_leaves":3,"bloomingnature:deer_spawn_egg":2,"minecraft:porkchop":3,"minecraft:cooked_porkchop":8,"minecraft:bucket":176,"minecraft:yellow_bed":14,"minecraft:stripped_oak_log":3,"minecraft:dandelion":1},"minecraft:broken":{"minecraft:iron_leggings":1,"minecraft:stone_axe":1,"minecraft:iron_sword":2,"minecraft:shield":1,"minecraft:iron_axe":4,"minecraft:iron_helmet":1},"minecraft:killed_by":{"minecraft:creeper":3,"minecraft:pillager":2,"minecraft:vindicator":9,"minecraft:zombie":5,"minecraft:vex":1,"minecraft:player":4,"mca:male_villager":2,"minecraft:spider":2,"minecraft:enderman":1,"minecraft:iron_golem":1,"minecraft:skeleton":16,"bloomingnature:termite":1,"minecraft:phantom":1},"minecraft:picked_up":{"minecraft:iron_chestplate":7,"minecraft:anvil":2,"minecraft:flower_pot":14,"minecraft:yellow_wool":1,"minecraft:lead":2,"usefulbackpacks:filter_configurator":1,"minecraft:oak_stairs":1,"minecraft:brewing_stand":1,"minecraft:string":81,"minecraft:raw_copper":16,"minecraft:iron_leggings":2,"fwaystones:desert_waystone":2,"universal_graves:grave_compass":3,"minecraft:cobbled_deepslate":712,"minecraft:bucket":10,"bloomingnature:palm_sapling":1,"minecraft:iron_boots":3,"minecraft:furnace":8,"minecraft:golden_helmet":3,"minecraft:stick":385,"minecraft:beehive":4,"minecraft:jungle_door":1,"minecraft:deepslate_brick_wall":6,"minecraft:composter":4,"minecraft:torch":100,"minecraft:pink_carpet":1,"minecraft:porkchop":13,"minecraft:cherry_log":1269,"minecraft:pointed_dripstone":11,"minecraft:diorite":10,"minecraft:cauldron":1,"minecraft:brown_carpet":8,"bloomingnature:chestnut_log":42,"minecraft:cactus":1,"minecraft:rotten_flesh":156,"minecraft:deepslate_brick_stairs":43,"minecraft:obsidian":5,"minecraft:cobblestone":373,"minecraft:birch_log":78,"minecraft:enchanting_table":2,"minecraft:pink_petals":243,"minecraft:leather_chestplate":2,"minecraft:lilac":4,"minecraft:feather":14,"bloomingnature:palm_planks":30,"minecraft:cherry_planks":1191,"minecraft:birch_slab":9,"minecraft:andesite":29,"minecraft:golden_leggings":3,"minecraft:orange_carpet":1,"minecraft:brown_wool":74,"minecraft:smoker":2,"minecraft:potato":10,"minecraft:flint":13,"minecraft:tuff":4,"minecraft:cherry_fence":44,"naturalist:lizard_tail":1,"minecraft:dirt":964,"minecraft:cherry_door":9,"minecraft:lapis_lazuli":198,"minecraft:leather_boots":2,"minecraft:bone":58,"bloomingnature:bluebell":3,"minecraft:acacia_planks":6,"minecraft:bow":3,"minecraft:stonecutter":1,"mca:rose_gold_ingot":3,"minecraft:wheat_seeds":105,"minecraft:deepslate_brick_slab":317,"minecraft:raw_gold":19,"minecraft:grindstone":3,"minecraft:oak_planks":1,"minecraft:cooked_porkchop":3,"minecraft:dead_bush":3,"minecraft:grass_block":2,"minecraft:loom":1,"minecraft:cyan_bed":2,"minecraft:acacia_stairs":1,"minecraft:barrel":6,"minecraft:iron_hoe":1,"minecraft:diamond":18,"minecraft:lever":6,"minecraft:cherry_hanging_sign":10,"minecraft:cherry_wood":8,"bloomingnature:travertin":46,"minecraft:granite":4,"minecraft:bone_meal":12,"minecraft:golden_apple":1,"minecraft:emerald":79,"minecraft:bread":23,"minecraft:rooted_dirt":23,"minecraft:cherry_slab":29,"minecraft:netherrack":2,"minecraft:crafting_table":14,"minecraft:chicken":3,"minecraft:redstone_lamp":12,"minecraft:gold_block":2,"minecraft:stripped_cherry_log":3,"minecraft:chain":3,"minecraft:pink_candle":11,"minecraft:red_bed":4,"minecraft:iron_axe":4,"minecraft:compass":1,"minecraft:iron_shovel":3,"minecraft:birch_fence":8,"travelersbackpack:horse":2,"usefulbackpacks:backpack_small":4,"minecraft:beef":11,"minecraft:poppy":6,"minecraft:lectern":2,"minecraft:sugar_cane":48,"minecraft:chest":3,"minecraft:birch_sapling":26,"minecraft:cherry_trapdoor":86,"minecraft:egg":1,"minecraft:raw_iron":204,"naturalist:duck":2,"minecraft:cherry_stairs":74,"fwaystones:waystone":2,"minecraft:cake":1,"minecraft:carrot":7,"minecraft:blue_carpet":8,"minecraft:cherry_fence_gate":6,"minecraft:arrow":55,"minecraft:decorated_pot":8,"minecraft:peony":6,"minecraft:hay_block":38,"minecraft:saddle":2,"minecraft:totem_of_undying":5,"minecraft:mutton":6,"minecraft:white_wool":31,"minecraft:oxeye_daisy":1,"minecraft:glow_ink_sac":5,"minecraft:chiseled_bookshelf":1,"minecraft:leather":27,"minecraft:birch_planks":99,"minecraft:ochre_froglight":11,"minecraft:torchflower":1,"bloomingnature:genisteae":4,"minecraft:lily_pad":8,"minecraft:golden_boots":1,"minecraft:yellow_bed":16,"minecraft:gunpowder":31,"minecraft:white_banner":2,"naturalist:glow_goop":12,"minecraft:smooth_sandstone":2,"bloomingnature:foxglove_white":6,"minecraft:iron_ingot":34,"minecraft:stone_pickaxe":2,"minecraft:cherry_sign":4,"bloomingnature:chestnut_sapling":43,"bloomingnature:joe_pye":9,"minecraft:iron_sword":3,"minecraft:book":72,"minecraft:scaffolding":2,"minecraft:milk_bucket":1,"minecraft:dandelion":1,"minecraft:dripstone_block":5,"minecraft:gravel":1,"minecraft:lava_bucket":1,"minecraft:white_bed":2,"minecraft:spruce_log":70,"minecraft:spider_eye":11,"usefulbackpacks:backpack_large":1,"minecraft:bamboo_trapdoor":4,"minecraft:slime_ball":1,"bloomingnature:palm_log":12,"minecraft:light_blue_carpet":4,"minecraft:iron_helmet":1,"minecraft:cherry_sapling":801,"bloomingnature:daphne":5,"minecraft:baked_potato":1,"minecraft:black_wool":2,"minecraft:coal":443,"minecraft:hopper":1,"minecraft:ender_pearl":6},"minecraft:custom":{"minecraft:interact_with_crafting_table":94,"minecraft:bell_ring":1,"minecraft:leave_game":18,"minecraft:time_since_death":67078,"minecraft:sprint_one_cm":1099377,"minecraft:damage_blocked_by_shield":3075,"minecraft:drop":506,"minecraft:talked_to_villager":9,"minecraft:play_time":1478828,"minecraft:deaths":53,"minecraft:jump":11467,"minecraft:walk_on_water_one_cm":65613,"minecraft:enchant_item":50,"minecraft:interact_with_furnace":58,"minecraft:traded_with_villager":1,"minecraft:sleep_in_bed":51,"minecraft:damage_dealt":62796,"minecraft:player_kills":2,"minecraft:crouch_one_cm":205338,"minecraft:interact_with_smoker":6,"minecraft:horse_one_cm":504,"minecraft:interact_with_smithing_table":6,"minecraft:interact_with_anvil":12,"minecraft:mob_kills":320,"minecraft:walk_one_cm":1302264,"minecraft:sneak_time":71435,"minecraft:walk_under_water_one_cm":50641,"minecraft:boat_one_cm":6648,"minecraft:interact_with_blast_furnace":32,"minecraft:total_world_time":1478828,"minecraft:interact_with_grindstone":27,"minecraft:time_since_rest":6840,"minecraft:damage_absorbed":41,"minecraft:damage_taken":22409,"minecraft:swim_one_cm":48663,"minecraft:fly_one_cm":2791985,"minecraft:open_chest":211,"minecraft:fall_one_cm":305232}},"DataVersion":3465}