{"stats":{"minecraft:mined":{"minecraft:blue_carpet":2,"minecraft:white_bed":1,"naturalist:glow_goop":1,"minecraft:sculk_vein":14,"minecraft:cherry_log":776,"minecraft:potted_cactus":1,"minecraft:brewing_stand":1,"minecraft:obsidian":6,"minecraft:granite":2,"minecraft:grass_block":401,"minecraft:brown_wool":79,"minecraft:composter":2,"minecraft:chiseled_stone_bricks":1,"minecraft:spawner":1,"minecraft:iron_ore":76,"minecraft:fire":8,"minecraft:deepslate_lapis_ore":9,"minecraft:azure_bluet":1,"minecraft:enchanting_table":1,"minecraft:oak_stairs":1,"bloomingnature:chestnut_log":27,"minecraft:jungle_door":1,"minecraft:red_bed":2,"minecraft:powder_snow":15,"minecraft:torch":7,"minecraft:chest":3,"minecraft:dead_bush":1,"minecraft:cobblestone":11,"minecraft:cyan_bed":2,"minecraft:grindstone":3,"minecraft:oak_planks":1,"minecraft:sugar_cane":19,"minecraft:wall_torch":5,"minecraft:cherry_slab":4,"mca:cross_headstone":1,"minecraft:pink_petals":22,"minecraft:cherry_fence":22,"minecraft:birch_log":80,"minecraft:grass":194,"minecraft:sand":1,"minecraft:dirt":469,"minecraft:netherrack":2,"minecraft:deepslate":674,"bloomingnature:floating_leaves":3,"minecraft:diamond_ore":1,"minecraft:tuff":4,"bloomingnature:termite_mound":14,"minecraft:deepslate_diamond_ore":9,"bloomingnature:travertin":10,"minecraft:rooted_dirt":33,"bloomingnature:palm_log":18,"minecraft:large_fern":18,"minecraft:hay_block":40,"minecraft:furnace":9,"minecraft:carrots":2,"bloomingnature:palm_planks":7,"minecraft:acacia_stairs":1,"minecraft:andesite":24,"minecraft:gold_block":2,"minecraft:bookshelf":26,"minecraft:deepslate_iron_ore":39,"minecraft:stone":331,"minecraft:white_wool":18,"minecraft:acacia_leaves":1,"minecraft:glass_pane":2,"minecraft:cherry_planks":5,"minecraft:brown_carpet":2,"minecraft:stone_brick_slab":1,"minecraft:smooth_sandstone":2,"minecraft:crafting_table":13,"minecraft:emerald_ore":2,"minecraft:lectern":1,"minecraft:copper_ore":3,"minecraft:tall_grass":218,"minecraft:deepslate_gold_ore":9,"minecraft:lapis_ore":6,"minecraft:sculk":84,"minecraft:diorite":10,"minecraft:orange_carpet":1,"usefulbackpacks:filter_configurator":1,"minecraft:birch_planks":16,"minecraft:birch_leaves":5,"minecraft:yellow_bed":13,"minecraft:black_wool":2,"minecraft:coal_ore":198,"minecraft:cherry_leaves":1,"minecraft:gravel":10,"minecraft:gold_ore":4,"minecraft:deepslate_emerald_ore":1,"minecraft:fern":1},"minecraft:crafted":{"minecraft:smooth_stone":3,"minecraft:cherry_pressure_plate":52,"minecraft:cherry_slab":126,"usefulbackpacks:backpack_small":2,"minecraft:stone":6,"minecraft:diamond_shovel":1,"minecraft:bookshelf":16,"minecraft:cooked_mutton":5,"minecraft:iron_bars":16,"minecraft:deepslate_brick_stairs":40,"minecraft:iron_boots":2,"minecraft:chest":24,"minecraft:birch_button":1,"minecraft:cherry_fence":57,"minecraft:cooked_porkchop":6,"minecraft:diamond_axe":1,"minecraft:crafting_table":9,"travelersbackpack:standard":1,"minecraft:wooden_pickaxe":1,"minecraft:iron_helmet":3,"minecraft:birch_planks":104,"minecraft:iron_chestplate":4,"minecraft:diamond_pickaxe":1,"minecraft:shield":1,"minecraft:stone_slab":6,"minecraft:stick":464,"usefulbackpacks:backpack_large":1,"minecraft:iron_ingot":92,"minecraft:iron_pickaxe":1,"minecraft:stone_sword":1,"minecraft:deepslate_bricks":244,"minecraft:shears":1,"minecraft:cherry_planks":1211,"bloomingnature:chestnut_planks":4,"minecraft:stone_shovel":1,"minecraft:smooth_stone_slab":6,"minecraft:furnace":3,"minecraft:cherry_trapdoor":20,"minecraft:deepslate_brick_wall":6,"minecraft:polished_deepslate":244,"minecraft:iron_axe":4,"minecraft:iron_hoe":2,"minecraft:cherry_stairs":84,"minecraft:stone_pickaxe":2,"usefulbackpacks:backpack_medium":2,"minecraft:wheat":216,"minecraft:cooked_beef":9,"minecraft:coal_block":32,"minecraft:diamond_sword":1,"bloomingnature:palm_planks":48,"minecraft:enchanting_table":1,"minecraft:deepslate_brick_slab":186,"minecraft:iron_sword":3,"minecraft:stone_axe":2,"minecraft:bread":72,"minecraft:air":0,"bloomingnature:palm_boat":1,"minecraft:wooden_axe":1,"minecraft:iron_shovel":1,"minecraft:cherry_door":18,"minecraft:iron_leggings":3,"minecraft:armor_stand":1,"minecraft:torch":216,"minecraft:lapis_lazuli":180},"minecraft:dropped":{"minecraft:bamboo_trapdoor":4,"minecraft:iron_sword":2,"minecraft:birch_planks":83,"minecraft:lapis_lazuli":84,"minecraft:cooked_beef":4,"minecraft:baked_potato":19,"minecraft:loom":1,"minecraft:diamond":6,"minecraft:crafting_table":1,"minecraft:cooked_porkchop":1,"minecraft:decorated_pot":8,"minecraft:rooted_dirt":15,"minecraft:cherry_hanging_sign":10,"minecraft:birch_slab":9,"minecraft:emerald":1,"minecraft:dirt":21,"minecraft:redstone_lamp":12,"minecraft:birch_fence":8,"minecraft:orange_carpet":1,"minecraft:cherry_trapdoor":20,"bloomingnature:chestnut_sapling":43,"usefulbackpacks:backpack_small":4,"minecraft:chain":3,"bloomingnature:travertin":33,"minecraft:white_wool":8,"minecraft:cauldron":1,"minecraft:gravel":1,"usefulbackpacks:backpack_large":1,"minecraft:stone_axe":1,"minecraft:lever":4,"minecraft:cobbled_deepslate":54,"minecraft:yellow_wool":1,"minecraft:cherry_sapling":234,"minecraft:deepslate_brick_slab":186,"minecraft:rotten_flesh":4,"universal_graves:grave_compass":9,"minecraft:pink_carpet":1,"minecraft:beehive":4,"minecraft:white_bed":1,"minecraft:carrot":64,"minecraft:poppy":2,"minecraft:gunpowder":2,"bloomingnature:daphne":1,"minecraft:azalea_leaves":31,"minecraft:ochre_froglight":11,"minecraft:hopper":1,"minecraft:birch_button":1,"minecraft:arrow":2,"minecraft:beef":5,"minecraft:scaffolding":2,"minecraft:enchanting_table":1,"minecraft:netherrack":1,"minecraft:lectern":1,"minecraft:golden_boots":1,"minecraft:enchanted_book":1,"minecraft:torchflower":1,"minecraft:bread":39,"usefulbackpacks:backpack_medium":1,"minecraft:wheat_seeds":23,"minecraft:golden_helmet":2,"minecraft:cherry_log":382,"minecraft:lilac":4,"minecraft:deepslate_brick_wall":6,"minecraft:iron_helmet":3,"minecraft:feather":2,"minecraft:cobblestone":5,"minecraft:chiseled_bookshelf":1,"minecraft:grass_block":1,"minecraft:cherry_fence_gate":6,"minecraft:stick":257,"minecraft:cherry_sign":4,"minecraft:deepslate_brick_stairs":40,"mca:book_romance":1,"minecraft:diorite":2,"minecraft:torch":129,"minecraft:wooden_axe":1,"minecraft:brown_wool":4,"bloomingnature:chestnut_log":21,"minecraft:cherry_planks":457,"minecraft:potion":1,"minecraft:dead_bush":3,"minecraft:iron_leggings":2,"minecraft:white_banner":1,"minecraft:stonecutter":1,"minecraft:iron_axe":3,"minecraft:iron_shovel":2,"minecraft:string":5,"minecraft:pink_petals":81,"minecraft:blue_carpet":8,"minecraft:lily_pad":8,"minecraft:acacia_planks":6,"minecraft:furnace":2,"minecraft:anvil":2,"minecraft:stone_sword":1,"minecraft:raw_iron":88,"minecraft:stone_shovel":1,"minecraft:chicken":2,"minecraft:iron_boots":1,"minecraft:pink_candle":11,"minecraft:iron_hoe":1,"minecraft:smoker":2,"minecraft:stripped_oak_log":1,"minecraft:cherry_slab":126,"minecraft:totem_of_undying":2,"minecraft:diamond_sword":1,"minecraft:potato":256,"minecraft:flower_pot":13,"minecraft:peony":6,"minecraft:iron_chestplate":4,"minecraft:cake":1,"minecraft:yellow_bed":3,"minecraft:light_blue_carpet":4,"minecraft:golden_leggings":1,"minecraft:oak_sapling":3,"minecraft:spider_eye":2,"minecraft:barrel":6,"bloomingnature:joe_pye":1,"minecraft:stone_pickaxe":3,"minecraft:wooden_pickaxe":1,"minecraft:cyan_bed":1},"minecraft:killed":{"minecraft:witch":1,"minecraft:spider":18,"naturalist:boar":2,"naturalist:snail":1,"minecraft:skeleton":38,"minecraft:bee":2,"minecraft:chicken":1,"bloomingnature:squirrel":1,"bloomingnature:boar":4,"minecraft:camel":1,"minecraft:pig":3,"bloomingnature:termite":2,"naturalist:firefly":7,"minecraft:iron_golem":5,"minecraft:creeper":9,"naturalist:rhino":1,"minecraft:sheep":4,"minecraft:pillager":10,"minecraft:zombie":72,"mca:male_villager":7,"minecraft:cow":9,"minecraft:evoker":5,"bloomingnature:deer":3,"minecraft:vindicator":18,"naturalist:tortoise":3,"naturalist:duck":2,"minecraft:horse":2,"minecraft:drowned":3,"naturalist:giraffe":3,"naturalist:lizard_tail":1,"naturalist:canary":2,"naturalist:lizard":2,"mca:female_villager":1,"naturalist:sparrow":4,"minecraft:villager":4,"minecraft:enderman":1},"minecraft:used":{"bloomingnature:palm_planks":14,"minecraft:iron_shovel":119,"minecraft:chest":11,"minecraft:shield":35,"minecraft:iron_sword":873,"minecraft:rotten_flesh":5,"minecraft:iron_chestplate":2,"minecraft:mutton":1,"minecraft:carrot":5,"minecraft:obsidian":2,"minecraft:milk_bucket":1,"minecraft:lava_bucket":14,"minecraft:villager_spawn_egg":4,"minecraft:grass_block":1,"minecraft:birch_sapling":26,"minecraft:iron_helmet":1,"bloomingnature:daphne":2,"minecraft:brown_carpet":5,"minecraft:furnace":9,"naturalist:teddy_bear":2,"minecraft:egg":1,"minecraft:potato":29,"minecraft:diorite":5,"minecraft:stone_pickaxe":152,"minecraft:oak_planks":1,"minecraft:wooden_pickaxe":3,"usefulbackpacks:filter_configurator":2,"minecraft:composter":3,"minecraft:diamond_axe":304,"minecraft:golden_apple":2,"minecraft:glow_berries":4,"minecraft:golden_hoe":37,"minecraft:blast_furnace":8,"minecraft:dripstone_block":3,"minecraft:shears":87,"minecraft:bread":63,"minecraft:cyan_bed":1,"minecraft:string":2,"onlyhammers:netherite_hammer":6,"minecraft:diamond_sword":34,"minecraft:grindstone":7,"minecraft:smithing_table":1,"minecraft:andesite":6,"minecraft:birch_log":19,"minecraft:experience_bottle":1,"minecraft:stone_sword":118,"minecraft:enchanting_table":2,"minecraft:armor_stand":1,"minecraft:stone_shovel":61,"minecraft:netherrack":1,"minecraft:torch":116,"minecraft:dirt":596,"minecraft:anvil":2,"minecraft:iron_hoe":142,"minecraft:wooden_axe":23,"minecraft:bookshelf":28,"travelersbackpack:gold":1,"minecraft:iron_axe":681,"minecraft:rooted_dirt":13,"minecraft:cherry_slab":4,"minecraft:iron_boots":1,"minecraft:beef":3,"minecraft:cherry_fence":22,"minecraft:cooked_beef":5,"minecraft:cherry_log":3,"minecraft:cobbled_deepslate":24,"minecraft:iron_leggings":1,"naturalist:lizard_tail":1,"minecraft:cooked_mutton":5,"mca:male_villager_spawn_egg":2,"minecraft:water_bucket":106,"minecraft:birch_planks":56,"minecraft:baked_potato":20,"minecraft:cherry_planks":4,"bloomingnature:palm_boat":1,"minecraft:crafting_table":23,"minecraft:red_bed":2,"minecraft:white_bed":1,"minecraft:smoker":2,"minecraft:oak_log":4,"minecraft:diamond_pickaxe":618,"minecraft:apple":5,"minecraft:diamond_shovel":746,"minecraft:chicken":1,"minecraft:iron_pickaxe":713,"naturalist:glow_goop":6,"minecraft:stone_axe":155,"minecraft:pink_petals":19,"bloomingnature:deer_spawn_egg":2,"minecraft:cobblestone":86,"minecraft:azalea_leaves":3,"minecraft:porkchop":3,"minecraft:cooked_porkchop":8,"minecraft:bucket":119,"minecraft:yellow_bed":14,"minecraft:stripped_oak_log":3,"minecraft:dandelion":1},"minecraft:broken":{"minecraft:iron_leggings":1,"minecraft:stone_axe":1,"minecraft:iron_sword":2,"minecraft:shield":1,"minecraft:iron_axe":3},"minecraft:killed_by":{"minecraft:creeper":3,"minecraft:pillager":2,"minecraft:vindicator":9,"minecraft:zombie":5,"minecraft:vex":1,"minecraft:player":3,"mca:male_villager":2,"minecraft:spider":2,"minecraft:enderman":1,"minecraft:iron_golem":1,"minecraft:skeleton":15,"bloomingnature:termite":1,"minecraft:phantom":1},"minecraft:picked_up":{"minecraft:iron_chestplate":2,"minecraft:flower_pot":14,"minecraft:anvil":2,"minecraft:yellow_wool":1,"minecraft:oak_stairs":1,"usefulbackpacks:filter_configurator":1,"minecraft:brewing_stand":1,"minecraft:string":78,"minecraft:raw_copper":16,"minecraft:iron_leggings":1,"fwaystones:desert_waystone":2,"universal_graves:grave_compass":3,"minecraft:cobbled_deepslate":702,"bloomingnature:palm_sapling":1,"minecraft:furnace":8,"minecraft:golden_helmet":3,"minecraft:beehive":4,"minecraft:stick":320,"minecraft:jungle_door":1,"minecraft:deepslate_brick_wall":6,"minecraft:composter":2,"minecraft:torch":53,"minecraft:pink_carpet":1,"minecraft:porkchop":13,"minecraft:cherry_log":1150,"minecraft:pointed_dripstone":11,"minecraft:diorite":10,"minecraft:cauldron":1,"minecraft:brown_carpet":4,"bloomingnature:chestnut_log":42,"minecraft:cactus":1,"minecraft:rotten_flesh":101,"minecraft:deepslate_brick_stairs":40,"minecraft:obsidian":5,"minecraft:cobblestone":373,"minecraft:birch_log":78,"minecraft:enchanting_table":2,"minecraft:pink_petals":238,"minecraft:feather":14,"minecraft:lilac":4,"bloomingnature:palm_planks":30,"minecraft:cherry_planks":1189,"minecraft:birch_slab":9,"minecraft:andesite":29,"minecraft:orange_carpet":1,"minecraft:brown_wool":74,"minecraft:golden_leggings":1,"minecraft:smoker":2,"minecraft:potato":8,"minecraft:flint":13,"minecraft:tuff":4,"minecraft:cherry_fence":22,"naturalist:lizard_tail":1,"minecraft:lapis_lazuli":198,"minecraft:dirt":922,"minecraft:bone":49,"minecraft:acacia_planks":6,"minecraft:bow":2,"minecraft:stonecutter":1,"mca:rose_gold_ingot":3,"minecraft:wheat_seeds":102,"minecraft:deepslate_brick_slab":184,"minecraft:raw_gold":19,"minecraft:grindstone":3,"minecraft:oak_planks":1,"minecraft:cooked_porkchop":3,"minecraft:grass_block":1,"minecraft:dead_bush":3,"minecraft:loom":1,"minecraft:cyan_bed":2,"minecraft:acacia_stairs":1,"minecraft:barrel":6,"minecraft:iron_hoe":1,"minecraft:diamond":18,"minecraft:lever":4,"minecraft:cherry_hanging_sign":10,"bloomingnature:travertin":46,"minecraft:granite":4,"minecraft:golden_apple":1,"minecraft:cherry_slab":4,"minecraft:emerald":15,"minecraft:bread":23,"minecraft:rooted_dirt":23,"minecraft:netherrack":2,"minecraft:crafting_table":14,"minecraft:chicken":3,"minecraft:redstone_lamp":12,"minecraft:gold_block":2,"minecraft:chain":3,"minecraft:pink_candle":11,"minecraft:red_bed":2,"minecraft:iron_axe":3,"minecraft:iron_shovel":1,"minecraft:birch_fence":8,"usefulbackpacks:backpack_small":4,"minecraft:beef":11,"minecraft:poppy":6,"minecraft:lectern":2,"minecraft:sugar_cane":48,"minecraft:chest":3,"minecraft:birch_sapling":26,"minecraft:egg":1,"minecraft:raw_iron":204,"naturalist:duck":2,"minecraft:cake":1,"fwaystones:waystone":2,"minecraft:carrot":7,"minecraft:blue_carpet":8,"minecraft:cherry_fence_gate":6,"minecraft:arrow":42,"minecraft:decorated_pot":8,"minecraft:peony":6,"minecraft:hay_block":38,"minecraft:saddle":2,"minecraft:totem_of_undying":5,"minecraft:mutton":6,"minecraft:white_wool":28,"minecraft:oxeye_daisy":1,"minecraft:glow_ink_sac":5,"minecraft:chiseled_bookshelf":1,"minecraft:leather":22,"minecraft:ochre_froglight":11,"minecraft:birch_planks":99,"minecraft:torchflower":1,"minecraft:lily_pad":8,"minecraft:golden_boots":1,"minecraft:yellow_bed":16,"minecraft:gunpowder":15,"minecraft:white_banner":2,"naturalist:glow_goop":10,"minecraft:smooth_sandstone":2,"minecraft:iron_ingot":34,"minecraft:stone_pickaxe":2,"minecraft:cherry_sign":4,"bloomingnature:chestnut_sapling":43,"bloomingnature:joe_pye":4,"minecraft:iron_sword":2,"minecraft:book":72,"minecraft:scaffolding":2,"minecraft:dandelion":1,"minecraft:dripstone_block":5,"minecraft:gravel":1,"minecraft:white_bed":2,"minecraft:spider_eye":11,"usefulbackpacks:backpack_large":1,"minecraft:bamboo_trapdoor":4,"minecraft:slime_ball":1,"bloomingnature:palm_log":12,"minecraft:light_blue_carpet":4,"minecraft:iron_helmet":1,"minecraft:cherry_sapling":801,"bloomingnature:daphne":5,"minecraft:baked_potato":1,"minecraft:black_wool":2,"minecraft:coal":443,"minecraft:hopper":1,"minecraft:ender_pearl":2},"minecraft:custom":{"minecraft:interact_with_crafting_table":85,"minecraft:bell_ring":1,"minecraft:leave_game":16,"minecraft:time_since_death":54987,"minecraft:sprint_one_cm":877207,"minecraft:damage_blocked_by_shield":3075,"minecraft:drop":418,"minecraft:talked_to_villager":7,"minecraft:play_time":926543,"minecraft:deaths":50,"minecraft:jump":9365,"minecraft:walk_on_water_one_cm":47203,"minecraft:enchant_item":48,"minecraft:interact_with_furnace":57,"minecraft:sleep_in_bed":39,"minecraft:damage_dealt":52170,"minecraft:player_kills":1,"minecraft:crouch_one_cm":124630,"minecraft:interact_with_smoker":4,"minecraft:horse_one_cm":504,"minecraft:interact_with_smithing_table":6,"minecraft:interact_with_anvil":12,"minecraft:mob_kills":264,"minecraft:walk_one_cm":861980,"minecraft:sneak_time":42083,"minecraft:walk_under_water_one_cm":38296,"minecraft:boat_one_cm":6648,"minecraft:interact_with_blast_furnace":29,"minecraft:total_world_time":926543,"minecraft:interact_with_grindstone":27,"minecraft:time_since_rest":9823,"minecraft:damage_absorbed":41,"minecraft:damage_taken":20056,"minecraft:swim_one_cm":44744,"minecraft:fly_one_cm":2288720,"minecraft:open_chest":158,"minecraft:fall_one_cm":240870}},"DataVersion":3465}