{"stats":{"minecraft:custom":{"minecraft:mob_kills":30,"minecraft:interact_with_crafting_table":5,"minecraft:leave_game":3,"minecraft:time_since_death":4951,"minecraft:climb_one_cm":2993,"minecraft:sprint_one_cm":161949,"minecraft:walk_one_cm":1042685,"minecraft:drop":117,"minecraft:play_time":266619,"minecraft:deaths":20,"minecraft:sneak_time":32,"minecraft:walk_under_water_one_cm":44417,"minecraft:boat_one_cm":6664,"minecraft:jump":2422,"minecraft:walk_on_water_one_cm":44616,"minecraft:total_world_time":266619,"minecraft:interact_with_furnace":8,"minecraft:interact_with_grindstone":1,"minecraft:sleep_in_bed":12,"minecraft:time_since_rest":4585,"minecraft:damage_taken":8092,"minecraft:damage_absorbed":80,"minecraft:damage_dealt":5138,"minecraft:swim_one_cm":18556,"minecraft:fly_one_cm":93205,"minecraft:player_kills":3,"minecraft:open_chest":16,"minecraft:crouch_one_cm":127,"minecraft:fall_one_cm":45725},"minecraft:killed_by":{"minecraft:player":1,"mca:male_villager":1,"minecraft:creeper":3,"minecraft:pillager":2,"minecraft:drowned":1,"minecraft:vindicator":2,"minecraft:skeleton":4,"bloomingnature:termite":1,"minecraft:zombie":4},"minecraft:broken":{"minecraft:stone_sword":1,"minecraft:wooden_pickaxe":1,"minecraft:stone_axe":1},"minecraft:used":{"minecraft:stone_sword":213,"minecraft:iron_shovel":271,"bloomingnature:palm_log":4,"minecraft:iron_sword":113,"minecraft:torch":38,"minecraft:dirt":21,"minecraft:mutton":2,"minecraft:iron_hoe":154,"minecraft:iron_axe":144,"minecraft:rooted_dirt":3,"minecraft:birch_sapling":1,"minecraft:totem_of_undying":1,"minecraft:beef":6,"minecraft:furnace":3,"minecraft:cooked_beef":4,"minecraft:cooked_mutton":2,"minecraft:birch_planks":2,"minecraft:stone_pickaxe":106,"minecraft:wooden_pickaxe":58,"minecraft:crafting_table":1,"minecraft:melon_slice":1,"minecraft:bread":26,"minecraft:iron_pickaxe":162,"minecraft:stone_axe":138,"minecraft:cobblestone":66,"minecraft:cooked_porkchop":1,"minecraft:yellow_bed":7},"minecraft:picked_up":{"minecraft:crafting_table":1,"minecraft:iron_chestplate":1,"minecraft:yellow_wool":1,"minecraft:oak_stairs":1,"usefulbackpacks:backpack_medium":1,"minecraft:raw_copper":3,"minecraft:iron_axe":1,"minecraft:iron_shovel":2,"usefulbackpacks:backpack_small":3,"minecraft:cobbled_deepslate":90,"minecraft:beef":17,"minecraft:poppy":2,"minecraft:melon_slice":94,"minecraft:birch_sapling":2,"minecraft:furnace":3,"minecraft:golden_helmet":1,"minecraft:stick":69,"minecraft:raw_iron":40,"minecraft:jungle_door":1,"minecraft:torch":131,"minecraft:cherry_log":248,"minecraft:pointed_dripstone":4,"minecraft:diorite":3,"minecraft:redstone":16,"bloomingnature:palm_boat":1,"bloomingnature:chestnut_log":21,"minecraft:rotten_flesh":11,"minecraft:hay_block":2,"minecraft:sandstone_stairs":1,"minecraft:totem_of_undying":2,"minecraft:obsidian":1,"minecraft:mutton":4,"minecraft:white_wool":4,"minecraft:cobblestone":106,"minecraft:oxeye_daisy":1,"minecraft:stripped_oak_log":2,"minecraft:birch_log":7,"minecraft:pink_petals":17,"minecraft:cooked_beef":4,"minecraft:cherry_planks":44,"minecraft:glow_ink_sac":2,"minecraft:andesite":3,"minecraft:leather":9,"minecraft:golden_leggings":1,"minecraft:potato":1,"minecraft:birch_planks":4,"minecraft:flint":1,"minecraft:tuff":2,"minecraft:golden_boots":1,"minecraft:yellow_bed":8,"naturalist:lizard_tail":1,"minecraft:lapis_lazuli":126,"minecraft:dirt":273,"minecraft:white_banner":1,"naturalist:glow_goop":1,"minecraft:acacia_planks":6,"minecraft:wheat_seeds":18,"minecraft:stone_pickaxe":1,"bloomingnature:joe_pye":1,"minecraft:iron_sword":1,"minecraft:book":6,"minecraft:cooked_porkchop":1,"minecraft:dripstone_block":2,"minecraft:white_bed":1,"minecraft:cyan_bed":1,"minecraft:acacia_stairs":1,"minecraft:iron_hoe":1,"bloomingnature:palm_log":5,"minecraft:diamond":9,"minecraft:iron_helmet":1,"minecraft:granite":4,"bloomingnature:daphne":2,"minecraft:cherry_sapling":92,"minecraft:emerald":2,"minecraft:bread":17,"minecraft:rooted_dirt":8,"minecraft:coal":60,"minecraft:dark_oak_wood":4},"minecraft:crafted":{"minecraft:cherry_planks":992,"minecraft:cooked_mutton":2,"minecraft:stone_pickaxe":1,"minecraft:crafting_table":1,"minecraft:wooden_pickaxe":1,"minecraft:birch_planks":26,"minecraft:stone_axe":1,"minecraft:stick":16,"minecraft:iron_ingot":3,"minecraft:iron_pickaxe":1,"minecraft:stone_sword":1},"minecraft:dropped":{"minecraft:golden_boots":1,"naturalist:lizard_tail":1,"minecraft:bread":1,"minecraft:wheat_seeds":17,"minecraft:lapis_lazuli":126,"minecraft:golden_helmet":1,"minecraft:glow_ink_sac":2,"minecraft:diamond":6,"minecraft:dripstone_block":2,"minecraft:sandstone_stairs":1,"minecraft:cobblestone":12,"minecraft:book":7,"bloomingnature:palm_log":1,"minecraft:leather":9,"minecraft:granite":4,"naturalist:glow_goop":1,"minecraft:saddle":2,"minecraft:coal":32,"minecraft:flint":4,"minecraft:oxeye_daisy":1,"minecraft:dirt":24,"mca:book_romance":1,"minecraft:diorite":3,"minecraft:torch":33,"minecraft:dark_oak_wood":4,"bloomingnature:chestnut_log":21,"minecraft:cherry_planks":1036,"minecraft:potion":2,"usefulbackpacks:backpack_small":3,"minecraft:oak_stairs":1,"minecraft:white_banner":1,"minecraft:iron_shovel":1,"minecraft:pink_petals":17,"minecraft:white_wool":4,"minecraft:acacia_planks":6,"minecraft:cobbled_deepslate":1,"minecraft:raw_copper":3,"minecraft:tuff":2,"minecraft:yellow_wool":1,"minecraft:birch_sapling":1,"minecraft:obsidian":1,"minecraft:pointed_dripstone":4,"minecraft:cherry_sapling":92,"minecraft:rotten_flesh":10,"universal_graves:grave_compass":1,"minecraft:iron_hoe":1,"minecraft:stripped_oak_log":2,"minecraft:white_bed":1,"minecraft:acacia_stairs":1,"minecraft:poppy":2,"minecraft:potato":1,"minecraft:hay_block":2,"bloomingnature:daphne":2,"minecraft:andesite":3,"minecraft:yellow_bed":1,"minecraft:golden_leggings":1,"bloomingnature:joe_pye":1,"minecraft:stone_pickaxe":2,"minecraft:cyan_bed":1},"minecraft:mined":{"minecraft:tuff":2,"minecraft:white_bed":1,"minecraft:deepslate_diamond_ore":3,"minecraft:sculk_vein":26,"minecraft:cherry_log":249,"minecraft:granite":9,"minecraft:grass_block":170,"minecraft:oxeye_daisy":1,"minecraft:rooted_dirt":8,"minecraft:sandstone_stairs":1,"minecraft:large_fern":1,"minecraft:iron_ore":18,"minecraft:andesite":10,"minecraft:deepslate_lapis_ore":6,"minecraft:pointed_dripstone":1,"minecraft:stripped_oak_log":1,"minecraft:stone":108,"minecraft:deepslate_redstone_ore":4,"minecraft:jungle_door":1,"minecraft:lily_of_the_valley":1,"minecraft:crafting_table":1,"minecraft:torch":1,"minecraft:dark_oak_wood":4,"minecraft:melon":17,"minecraft:tall_grass":54,"minecraft:copper_ore":1,"minecraft:cobblestone":3,"minecraft:deepslate_gold_ore":5,"bloomingnature:daphne":1,"minecraft:sculk":134,"minecraft:pink_petals":3,"minecraft:birch_planks":1,"minecraft:yellow_wool":1,"minecraft:birch_log":6,"minecraft:wheat":1,"minecraft:birch_leaves":9,"minecraft:bee_nest":1,"minecraft:yellow_bed":7,"minecraft:grass":91,"minecraft:coal_ore":66,"minecraft:acacia_fence":1,"minecraft:dripstone_block":2,"minecraft:dirt":97,"bloomingnature:joe_pye":1,"minecraft:acacia_planks":6,"minecraft:deepslate":64,"minecraft:fern":1},"minecraft:killed":{"bloomingnature:bison":1,"minecraft:spider":1,"minecraft:vindicator":3,"naturalist:tortoise":1,"naturalist:lizard_tail":1,"minecraft:sheep":2,"minecraft:pillager":1,"minecraft:zombie":9,"mca:male_villager":1,"mca:female_villager":2,"minecraft:player":2,"minecraft:cow":7}},"DataVersion":3465}