{"stats":{"minecraft:mined":{"minecraft:tuff":2,"minecraft:white_bed":1,"minecraft:deepslate_diamond_ore":3,"minecraft:sculk_vein":26,"minecraft:cherry_log":271,"minecraft:granite":9,"minecraft:grass_block":170,"minecraft:cherry_wood":2,"minecraft:oxeye_daisy":1,"minecraft:rooted_dirt":8,"minecraft:sandstone_stairs":1,"minecraft:large_fern":1,"naturalist:teddy_bear":2,"minecraft:iron_ore":18,"minecraft:cobbled_deepslate":1,"minecraft:andesite":10,"minecraft:deepslate_lapis_ore":6,"minecraft:pointed_dripstone":1,"minecraft:stripped_oak_log":1,"minecraft:stone":109,"bloomingnature:bluebell":1,"minecraft:cherry_stairs":3,"minecraft:deepslate_redstone_ore":4,"minecraft:jungle_door":1,"minecraft:lily_of_the_valley":1,"minecraft:crafting_table":2,"minecraft:torch":1,"minecraft:dark_oak_wood":4,"minecraft:melon":17,"minecraft:copper_ore":1,"minecraft:tall_grass":54,"minecraft:cobblestone":3,"minecraft:deepslate_gold_ore":5,"bloomingnature:daphne":1,"minecraft:sculk":134,"minecraft:pink_petals":3,"minecraft:birch_planks":1,"minecraft:yellow_wool":1,"minecraft:birch_log":6,"minecraft:wheat":1,"minecraft:spruce_log":9,"minecraft:birch_leaves":9,"minecraft:bee_nest":1,"minecraft:yellow_bed":7,"minecraft:grass":96,"minecraft:coal_ore":66,"minecraft:acacia_fence":1,"minecraft:dripstone_block":2,"minecraft:dirt":99,"bloomingnature:joe_pye":2,"minecraft:acacia_planks":6,"minecraft:deepslate":64,"minecraft:fern":1},"minecraft:crafted":{"minecraft:cherry_planks":992,"minecraft:cherry_slab":402,"minecraft:cooked_mutton":2,"minecraft:cherry_trapdoor":190,"minecraft:stone_pickaxe":1,"minecraft:crafting_table":1,"minecraft:wooden_pickaxe":1,"minecraft:birch_planks":26,"minecraft:stone_axe":1,"minecraft:stick":16,"minecraft:iron_ingot":3,"minecraft:iron_pickaxe":1,"minecraft:stone_sword":1},"minecraft:dropped":{"minecraft:golden_boots":1,"naturalist:lizard_tail":1,"minecraft:bread":1,"minecraft:iron_sword":1,"minecraft:wheat_seeds":20,"minecraft:lapis_lazuli":126,"minecraft:golden_helmet":1,"minecraft:cherry_log":93,"minecraft:glow_ink_sac":2,"minecraft:diamond":6,"minecraft:dripstone_block":2,"minecraft:sandstone_stairs":1,"minecraft:iron_helmet":1,"minecraft:cobblestone":12,"minecraft:book":7,"bloomingnature:palm_log":1,"minecraft:leather":9,"minecraft:granite":4,"naturalist:glow_goop":1,"minecraft:saddle":2,"minecraft:coal":32,"minecraft:golden_apple":2,"minecraft:stick":64,"minecraft:flint":4,"minecraft:oxeye_daisy":1,"minecraft:dirt":27,"mca:book_romance":1,"minecraft:diorite":3,"minecraft:torch":34,"minecraft:dark_oak_wood":4,"bloomingnature:chestnut_log":21,"minecraft:cherry_planks":1036,"minecraft:potion":2,"usefulbackpacks:backpack_small":3,"minecraft:oak_stairs":1,"minecraft:white_banner":1,"minecraft:iron_axe":1,"minecraft:iron_pickaxe":1,"minecraft:iron_shovel":2,"minecraft:pink_petals":17,"minecraft:white_wool":4,"minecraft:acacia_planks":6,"minecraft:cherry_wood":1,"minecraft:cherry_stairs":71,"minecraft:cobbled_deepslate":65,"minecraft:raw_copper":3,"minecraft:tuff":2,"minecraft:birch_sapling":1,"minecraft:yellow_wool":1,"minecraft:obsidian":1,"minecraft:pointed_dripstone":4,"minecraft:cherry_sapling":95,"minecraft:rotten_flesh":16,"universal_graves:grave_compass":1,"minecraft:iron_boots":1,"minecraft:iron_hoe":1,"minecraft:stripped_oak_log":2,"minecraft:cherry_slab":5,"minecraft:white_bed":1,"minecraft:acacia_stairs":1,"minecraft:poppy":2,"minecraft:potato":1,"minecraft:hay_block":2,"bloomingnature:daphne":2,"minecraft:iron_chestplate":2,"minecraft:andesite":3,"minecraft:yellow_bed":1,"minecraft:golden_leggings":1,"minecraft:arrow":3,"bloomingnature:joe_pye":2,"minecraft:stone_pickaxe":2,"minecraft:cyan_bed":1,"bloomingnature:bluebell":1},"minecraft:killed":{"bloomingnature:bison":1,"minecraft:vindicator":3,"minecraft:spider":1,"naturalist:tortoise":1,"minecraft:chicken":1,"naturalist:lizard_tail":1,"minecraft:sheep":2,"minecraft:pillager":1,"minecraft:zombie":10,"mca:male_villager":1,"mca:female_villager":2,"minecraft:player":3,"minecraft:cow":7},"minecraft:used":{"travelersbackpack:horse":1,"minecraft:stone_sword":213,"minecraft:cherry_wood":47,"minecraft:iron_shovel":271,"bloomingnature:palm_log":4,"minecraft:iron_sword":113,"minecraft:torch":38,"minecraft:dirt":22,"minecraft:mutton":2,"minecraft:carrot":11,"minecraft:deepslate_brick_slab":38,"minecraft:iron_hoe":154,"minecraft:rooted_dirt":3,"minecraft:iron_axe":197,"minecraft:cherry_slab":97,"minecraft:birch_sapling":1,"minecraft:totem_of_undying":1,"bloomingnature:joe_pye":1,"minecraft:beef":6,"minecraft:furnace":3,"naturalist:teddy_bear":2,"minecraft:cooked_beef":4,"minecraft:cobbled_deepslate":160,"minecraft:cherry_log":39,"minecraft:golden_axe":32,"minecraft:cooked_mutton":2,"minecraft:birch_planks":2,"minecraft:stone_pickaxe":106,"minecraft:baked_potato":7,"minecraft:wooden_pickaxe":58,"minecraft:cherry_planks":1,"minecraft:crafting_table":1,"minecraft:spruce_log":26,"minecraft:bread":26,"minecraft:melon_slice":7,"minecraft:iron_pickaxe":164,"minecraft:stone_axe":138,"minecraft:diamond_sword":33,"minecraft:cobblestone":66,"minecraft:cherry_stairs":53,"minecraft:cooked_porkchop":1,"minecraft:yellow_bed":7},"minecraft:broken":{"minecraft:stone_sword":1,"minecraft:iron_leggings":1,"minecraft:wooden_pickaxe":1,"minecraft:golden_axe":1,"minecraft:stone_axe":1,"minecraft:iron_helmet":1},"minecraft:killed_by":{"minecraft:player":2,"mca:male_villager":1,"minecraft:creeper":4,"minecraft:pillager":2,"minecraft:enderman":1,"minecraft:drowned":1,"minecraft:vindicator":2,"minecraft:skeleton":5,"bloomingnature:termite":1,"minecraft:zombie":5},"minecraft:picked_up":{"minecraft:iron_chestplate":3,"minecraft:crafting_table":2,"minecraft:yellow_wool":1,"minecraft:diamond_sword":1,"minecraft:oak_stairs":1,"usefulbackpacks:backpack_medium":1,"minecraft:raw_copper":3,"minecraft:iron_axe":2,"minecraft:iron_leggings":1,"minecraft:iron_shovel":3,"travelersbackpack:horse":1,"usefulbackpacks:backpack_small":3,"minecraft:cobbled_deepslate":168,"minecraft:beef":17,"minecraft:poppy":2,"minecraft:iron_pickaxe":1,"minecraft:melon_slice":94,"minecraft:birch_sapling":2,"minecraft:iron_boots":2,"minecraft:cherry_trapdoor":20,"minecraft:furnace":3,"minecraft:golden_helmet":1,"minecraft:stick":330,"minecraft:raw_iron":106,"minecraft:cherry_stairs":118,"minecraft:jungle_door":1,"minecraft:torch":132,"minecraft:cherry_log":266,"minecraft:pointed_dripstone":4,"minecraft:diorite":3,"minecraft:carrot":21,"minecraft:redstone":16,"bloomingnature:palm_boat":1,"bloomingnature:chestnut_log":21,"minecraft:arrow":3,"minecraft:rotten_flesh":16,"minecraft:hay_block":2,"minecraft:sandstone_stairs":1,"minecraft:totem_of_undying":2,"minecraft:obsidian":1,"minecraft:mutton":4,"minecraft:white_wool":4,"minecraft:cobblestone":107,"minecraft:oxeye_daisy":1,"minecraft:stripped_oak_log":2,"minecraft:birch_log":7,"minecraft:pink_petals":17,"minecraft:cooked_beef":4,"minecraft:cherry_planks":316,"minecraft:glow_ink_sac":2,"naturalist:teddy_bear":2,"minecraft:andesite":3,"minecraft:leather":9,"minecraft:golden_leggings":1,"minecraft:potato":1,"minecraft:birch_planks":4,"minecraft:flint":1,"minecraft:tuff":2,"minecraft:golden_boots":1,"minecraft:yellow_bed":8,"naturalist:lizard_tail":1,"minecraft:lapis_lazuli":126,"minecraft:dirt":277,"minecraft:white_banner":1,"naturalist:glow_goop":1,"bloomingnature:bluebell":1,"minecraft:acacia_planks":6,"minecraft:wheat_seeds":20,"minecraft:deepslate_brick_slab":128,"minecraft:stone_pickaxe":1,"bloomingnature:joe_pye":4,"minecraft:iron_sword":1,"minecraft:book":6,"minecraft:cooked_porkchop":1,"minecraft:dripstone_block":2,"minecraft:white_bed":1,"minecraft:spruce_log":73,"minecraft:cyan_bed":1,"minecraft:acacia_stairs":1,"minecraft:iron_hoe":1,"bloomingnature:palm_log":5,"minecraft:diamond":9,"minecraft:cherry_wood":48,"minecraft:iron_helmet":2,"minecraft:granite":4,"minecraft:cherry_sapling":95,"minecraft:golden_apple":2,"bloomingnature:daphne":2,"minecraft:bread":17,"minecraft:emerald":2,"minecraft:rooted_dirt":8,"minecraft:baked_potato":19,"minecraft:cherry_slab":329,"minecraft:dark_oak_wood":4,"minecraft:coal":60,"minecraft:ender_pearl":3},"minecraft:custom":{"minecraft:mob_kills":35,"minecraft:interact_with_crafting_table":15,"minecraft:leave_game":17,"minecraft:time_since_death":20485,"minecraft:climb_one_cm":2993,"minecraft:sprint_one_cm":294800,"minecraft:walk_one_cm":1451008,"minecraft:drop":222,"minecraft:play_time":559415,"minecraft:deaths":26,"minecraft:sneak_time":2601,"minecraft:walk_under_water_one_cm":52995,"minecraft:boat_one_cm":6664,"minecraft:jump":3325,"minecraft:walk_on_water_one_cm":59860,"minecraft:total_world_time":559415,"minecraft:interact_with_furnace":14,"minecraft:interact_with_grindstone":1,"minecraft:sleep_in_bed":22,"minecraft:time_since_rest":7325,"minecraft:damage_absorbed":80,"minecraft:damage_taken":11267,"minecraft:damage_dealt":6608,"minecraft:swim_one_cm":18556,"minecraft:player_kills":4,"minecraft:fly_one_cm":170251,"minecraft:open_chest":59,"minecraft:crouch_one_cm":5742,"minecraft:interact_with_smoker":2,"minecraft:fall_one_cm":64293}},"DataVersion":3465}